{
    "101:100": {
        "p": "-1:-1",
        "i": 2
    },
    "1517446348227994:84813": {
        "p": "-1:-1",
        "i": 3
    },
    "1517446348228144:84822": {
        "p": "1517446348227994:84813",
        "i": 1
    },
    "1528843813151434:5126": {
        "p": "1517446348227994:84813",
        "i": 0
    },
    "1707464818305215:90449": {
        "p": "-1:-1",
        "i": 0
    },
    "1707464906990616:114041": {
        "p": "-1:-1",
        "i": 1
    },
    "1707465088215476:171422": {
        "p": "-1:-1",
        "i": 4
    },
    "1707465226856446:217279": {
        "p": "-1:-1",
        "i": 5
    }
}
